-- ZY-HR 测试数据
-- 向本地 MySQL (127.0.0.1:3306) zy_hr 库插入示例数据

USE zy_hr;

-- ============================================================
-- 1. 员工花名册
-- ============================================================
INSERT INTO zy_hr_employee_roster (id, name, gender, birth_date, department, current_position, position_level, education_degree, major, current_position_years, political_status, professional_qualification, vocational_skill_level, work_start_date, company) VALUES
(1, '张伟', '男', '1975-03-15', '营销中心', '主任', 15, '本科', '市场营销', 8, '党员', '高级经济师', '一级', '1998-07-01', '镇江烟草'),
(2, '李芳', '女', '1980-08-22', '营销中心', '副主任', 12, '硕士', '工商管理', 5, '党员', '经济师', '二级', '2002-09-01', '镇江烟草'),
(3, '王强', '男', '1968-11-02', '物流中心', '主任', 18, '本科', '物流管理', 10, '党员', '高级工程师', '一级', '1990-08-01', '镇江烟草'),
(4, '赵敏', '女', '1978-05-18', '物流中心', '调度主管', 6, '本科', '交通运输', 4, '群众', '工程师', '二级', '2000-07-01', '镇江烟草'),
(5, '刘洋', '男', '1985-02-28', '机关科室', '科长', 7, '硕士', '行政管理', 3, '党员', '政工师', '二级', '2007-09-01', '镇江烟草'),
(6, '陈静', '女', '1990-06-12', '营销中心', '客户经理', 4, '本科', '电子商务', 2, '团员', '助理经济师', '三级', '2012-07-01', '镇江烟草'),
(7, '杨磊', '男', '1972-09-08', '机关科室', '副科长', 9, '本科', '财务管理', 6, '党员', '高级会计师', '一级', '1995-08-01', '镇江烟草'),
(8, '周婷', '女', '1988-12-25', '物流中心', '仓储主管', 3, '本科', '物流工程', 3, '群众', '工程师', '二级', '2010-07-01', '镇江烟草'),
(9, '吴刚', '男', '1965-04-17', '机关科室', '副局长', 22, '硕士', '公共管理', 12, '党员', '高级政工师', '一级', '1986-08-01', '镇江烟草'),
(10, '孙丽', '女', '1992-07-30', '营销中心', '市场分析员', 2, '本科', '统计学', 2, '团员', '助理统计师', '三级', '2014-07-01', '镇江烟草'),
(11, '黄涛', '男', '1970-01-20', '物流中心', '配送主管', 8, '大专', '汽车工程', 5, '党员', '技师', '二级', '1992-08-01', '镇江烟草'),
(12, '林雪', '女', '1983-10-05', '机关科室', '人事主管', 5, '本科', '人力资源', 4, '党员', '经济师', '二级', '2005-07-01', '镇江烟草');

-- ============================================================
-- 2. 员工档案（事件/证书）
-- ============================================================
INSERT INTO zy_hr_employee_profile (id, name, department, current_position, technical_certificates, skill_certificates, municipal_special_projects, provincial_special_projects, municipal_research_projects, provincial_research_projects, municipal_competitions, provincial_competitions, municipal_honors, provincial_honors) VALUES
(1, '张伟', '营销中心', '主任',
 '(2022年)市级：高级经济师资格认证;(2023年)市级：数字化转型培训证书',
 '(2020年)省级：高级营销师',
 '(2023年)市级：卷烟营销数字化转型专项;(2024年)市级：零售终端建设专项',
 '(2022年)省级：全省营销网络优化专项',
 '(2023年)市级：新零售模式研究',
 '(2021年)省级：烟草行业营销创新课题',
 '(2023年)市级：营销技能竞赛一等奖',
 '(2022年)省级：全省营销技能大赛三等奖',
 '(2023年)市级：年度先进工作者;(2024年)市级：营销创新标兵',
 '(2022年)省级：全省烟草系统先进个人'),
(2, '李芳', '营销中心', '副主任',
 '(2022年)市级：经济师资格认证',
 '(2021年)省级：品牌管理师',
 '(2023年)市级：品牌培育专项;(2024年)市级：客户满意度提升专项',
 '(2022年)省级：品牌发展战略专项',
 '(2024年)市级：烟草品牌竞争力研究',
 '(2022年)省级：品牌价值评估模型研究',
 '(2023年)市级：品牌策划大赛二等奖',
 '(2024年)省级：品牌管理案例大赛三等奖',
 '(2023年)市级：优秀共产党员',
 '(2022年)省级：品牌建设先进个人'),
(3, '王强', '物流中心', '主任',
 '(2021年)市级：高级工程师认证;(2023年)市级：智能制造培训证书',
 '(2020年)省级：高级物流师',
 '(2023年)市级：仓储智能化升级专项;(2024年)市级：物流降本增效专项',
 '(2022年)省级：全省物流网络优化专项',
 '(2023年)市级：智能仓储系统研究',
 '(2021年)省级：烟草物流配送路径优化研究',
 '(2023年)市级：物流技能竞赛一等奖',
 '(2022年)省级：物流创新大赛二等奖',
 '(2023年)市级：先进工作者;(2024年)市级：物流管理标兵',
 '(2021年)省级：全省物流系统先进个人');

-- ============================================================
-- 3. 红色预警
-- ============================================================
INSERT INTO zy_hr_red_alert (id, name, age, department, warning_type, alert_level, description) VALUES
(1, '吴刚', 61, '机关科室', 'retirement', 3, '距退休年龄不足2年，需关注岗位交接'),
(2, '王强', 58, '物流中心', 'retirement', 2, '距退休年龄约2年，建议提前培养接班人'),
(3, '杨磊', 54, '机关科室', 'retirement', 1, '距退休年龄约6年，关注职业发展路径'),
(4, '张伟', 51, '营销中心', 'retirement', 1, '距退休年龄约9年，关注健康状态'),
(5, '刘洋', 41, '机关科室', 'retention', 1, '关键岗位青年人才，关注职业发展');

-- ============================================================
-- 4. 退休人员预测
-- ============================================================
INSERT INTO zy_hr_retirement_prediction (id, name, retiring_count, department, prediction_year) VALUES
(1, '吴刚', 1, '机关科室', 2027),
(2, '王强', 1, '物流中心', 2028),
(3, '黄涛', 1, '物流中心', 2030),
(4, '杨磊', 1, '机关科室', 2032),
(5, '张伟', 1, '营销中心', 2035);

-- ============================================================
-- 5. 人员编制统计
-- ============================================================
INSERT INTO zy_hr_personnel_statistics (id, unit, department, authorized_total, authorized_unit_leader, authorized_mid_level, authorized_regular, actual_total, actual_unit_leader, actual_mid_level, actual_regular, statistics_date) VALUES
(1, '镇江市烟草公司', '营销中心',  25, 2, 5, 18, 22, 2, 4, 16, '2026-01-01'),
(2, '镇江市烟草公司', '物流中心',  30, 2, 6, 22, 28, 1, 5, 22, '2026-01-01'),
(3, '镇江市烟草公司', '机关科室',  20, 3, 4, 13, 18, 2, 4, 12, '2026-01-01'),
(4, '镇江市烟草公司', '财务科',    8, 1, 2, 5,  8, 1, 2, 5,  '2026-01-01'),
(5, '镇江市烟草公司', '信息中心',  10, 1, 2, 7,  9, 1, 2, 6,  '2026-01-01');

-- ============================================================
-- 6. 岗位胜任力分析
-- ============================================================
INSERT INTO zy_hr_competency_analysis (id, name, score, level, analysis_date) VALUES
(1, '张伟', 92.5, '优秀', '2026-06-15'),
(2, '李芳', 88.0, '优秀', '2026-06-15'),
(3, '王强', 85.5, '良好', '2026-06-15'),
(4, '赵敏', 78.0, '良好', '2026-06-15'),
(5, '刘洋', 91.0, '优秀', '2026-06-15'),
(6, '陈静', 72.5, '合格', '2026-06-15'),
(7, '杨磊', 86.0, '良好', '2026-06-15'),
(8, '周婷', 75.0, '合格', '2026-06-15');

-- ============================================================
-- 7. 人才库
-- ============================================================
INSERT INTO zy_hr_talent_pool (id, name, category, education, standard_education, department, current_position, major, wordcloud_tags, del_flag) VALUES
(1, '张伟', 'admin', '本科', '本科', '营销中心', '主任', '市场营销',
 '{"wordcloud": [{"name": "营销管理", "value": 95}, {"name": "团队领导", "value": 88}, {"name": "战略规划", "value": 85}, {"name": "数据分析", "value": 72}, {"name": "创新思维", "value": 80}]}', '0'),
(2, '李芳', 'admin', '硕士', '硕士', '营销中心', '副主任', '工商管理',
 '{"wordcloud": [{"name": "品牌管理", "value": 90}, {"name": "市场分析", "value": 85}, {"name": "客户关系", "value": 82}, {"name": "项目管理", "value": 78}, {"name": "沟通协调", "value": 88}]}', '0'),
(3, '王强', 'technical', '本科', '本科', '物流中心', '主任', '物流管理',
 '{"wordcloud": [{"name": "物流规划", "value": 92}, {"name": "系统优化", "value": 85}, {"name": "团队管理", "value": 80}, {"name": "成本控制", "value": 88}, {"name": "安全管理", "value": 90}]}', '0'),
(4, '刘洋', 'innovation', '硕士', '硕士', '机关科室', '科长', '行政管理',
 '{"wordcloud": [{"name": "创新思维", "value": 92}, {"name": "政策研究", "value": 85}, {"name": "公文写作", "value": 88}, {"name": "组织协调", "value": 82}, {"name": "数字化", "value": 75}]}', '0'),
(5, '赵敏', 'technical', '本科', '本科', '物流中心', '调度主管', '交通运输',
 '{"wordcloud": [{"name": "调度优化", "value": 88}, {"name": "数据分析", "value": 82}, {"name": "应急处理", "value": 85}, {"name": "团队协作", "value": 80}, {"name": "计划管理", "value": 78}]}', '0'),
(6, '杨磊', 'admin', '本科', '本科', '机关科室', '副科长', '财务管理',
 '{"wordcloud": [{"name": "财务分析", "value": 90}, {"name": "预算管理", "value": 88}, {"name": "风险管控", "value": 85}, {"name": "审计", "value": 78}, {"name": "决策支持", "value": 82}]}', '0'),
(7, '陈静', 'teacher', '本科', '本科', '营销中心', '客户经理', '电子商务',
 '{"wordcloud": [{"name": "客户服务", "value": 88}, {"name": "培训辅导", "value": 85}, {"name": "数字营销", "value": 80}, {"name": "沟通表达", "value": 82}, {"name": "学习能力", "value": 90}]}', '0'),
(8, '周婷', 'technical', '本科', '本科', '物流中心', '仓储主管', '物流工程',
 '{"wordcloud": [{"name": "仓储管理", "value": 88}, {"name": "库存优化", "value": 85}, {"name": "WMS系统", "value": 82}, {"name": "流程优化", "value": 78}, {"name": "团队管理", "value": 75}]}', '0');

-- ============================================================
-- 8. 导师帮带
-- ============================================================
INSERT INTO zy_hr_teacher (id, name, teacher, type, relationship, start_date, end_date, status) VALUES
(1, '陈静', '张伟', '员工', '业务导师', '2025-01-01', '2026-12-31', 1),
(2, '孙丽', '李芳', '员工', '业务导师', '2025-03-01', '2026-12-31', 1),
(3, '周婷', '王强', '员工', '技能导师', '2025-01-01', '2026-06-30', 1),
(4, '张伟', '吴刚', '导师', '管理导师', '2024-01-01', '2026-12-31', 1),
(5, '刘洋', '吴刚', '员工', '管理导师', '2025-06-01', '2027-12-31', 1);

-- ============================================================
-- 9-10. 积分成员 & 积分记录
-- ============================================================
INSERT INTO zy_hr_member (id, member_name, department, member_type, score) VALUES
(1, '张伟', '营销中心', 0, 85),
(2, '李芳', '营销中心', 0, 72),
(3, '陈静', '营销中心', 0, 45);

INSERT INTO zy_hr_score_record (id, member_id, achievement_id, before_score, after_score, score_change, achievement_type, change_reason, operation_time) VALUES
(1, 1, 1, 75, 85, 10, '论文', '发表核心期刊论文《烟草营销数字化转型研究》', '2026-03-15 10:00:00'),
(2, 2, 2, 65, 72, 7, '课题', '完成市级课题《品牌竞争力提升策略》', '2026-04-20 14:30:00'),
(3, 1, 3, 85, 90, 5, '培训', '完成高级管理培训课程', '2026-05-10 09:00:00'),
(4, 3, 4, 40, 45, 5, '竞赛', '获得营销技能竞赛二等奖', '2026-06-01 16:00:00');

-- ============================================================
-- 11-12. 大师工作室 & 成员
-- ============================================================
INSERT INTO zy_hr_master_studio (id, name, description, status, create_time) VALUES
(1, '张伟营销创新工作室', '专注于烟草营销数字化转型与新零售模式创新研究', 1, '2025-01-15 09:00:00'),
(2, '王强物流技术工作室', '专注于智慧物流、自动化仓储与配送路径优化', 1, '2025-03-20 09:00:00');

INSERT INTO zy_hr_master_studio_member (id, studio_id, member_id, member_name, role) VALUES
(1, 1, 1, '张伟', '负责人'),
(2, 1, 2, '李芳', '核心成员'),
(3, 1, 3, '陈静', '成员'),
(4, 2, 4, '王强', '负责人'),
(5, 2, 5, '赵敏', '核心成员'),
(6, 2, 6, '周婷', '成员');

-- ============================================================
-- 13-18. 课题项目组
-- ============================================================
INSERT INTO zy_hr_group_project (project_id, project_name, project_title, project_description, leader, status, sort_order) VALUES
(1, '烟草营销数字化转型研究', '数字化转型', '研究烟草行业营销数字化转型路径与实践', '张伟', 1, 1),
(2, '智慧物流配送体系优化', '物流优化', '优化物流配送网络，降低运输成本，提升效率', '王强', 1, 2);

INSERT INTO zy_hr_group_members (member_id, project_id, member_name, member_title, member_type, sort_order) VALUES
(1, 1, '张伟', '项目负责人', 0, 1),
(2, 1, '李芳', '核心研究员', 1, 2),
(3, 1, '陈静', '数据收集员', 1, 3),
(4, 2, '王强', '项目负责人', 0, 1),
(5, 2, '赵敏', '技术骨干', 1, 2),
(6, 2, '周婷', '实施人员', 1, 3);

INSERT INTO zy_hr_group_phases (phase_id, project_id, phase_name, phase_description, phase_order) VALUES
(1, 1, '调研阶段', '完成行业现状调研与问题分析', 1),
(2, 1, '方案设计', '设计数字化转型方案', 2),
(3, 1, '试点实施', '选择试点区域实施', 3),
(4, 2, '现状分析', '物流现状评估与瓶颈分析', 1),
(5, 2, '方案优化', '制定优化方案', 2);

INSERT INTO zy_hr_group_phase_content (content_id, phase_id, project_id, content_title, content_text, sort_order) VALUES
(1, 1, 1, '调研报告', '已完成全市烟草零售终端调研，覆盖300家门店', 1),
(2, 1, 1, '数据分析', '完成销售数据多维度分析，识别关键增长点', 2),
(3, 2, 1, '方案初稿', '完成数字化转型方案初稿', 1),
(4, 4, 2, '调研报告', '完成物流中心运营现状评估', 1),
(5, 4, 2, '数据分析', '完成配送路线与成本分析', 2);

INSERT INTO zy_hr_group_achievements (achievement_id, project_id, title, type, description, status, sort_order) VALUES
(1, 1, '烟草营销数字化转型研究报告', '论文', '完成数字化转型研究报告一篇', 1, 1),
(2, 1, '数字化营销工具V1.0', '软件著作权', '开发数字化营销辅助工具', 1, 2),
(3, 2, '物流配送路径优化方案', '论文', '完成配送路径优化方案', 1, 1),
(4, 2, '仓储自动化升级方案', '专利', '提出仓储自动化技术方案', 0, 2);

INSERT INTO zy_hr_group_dashboards (dashboard_id, project_id, dashboard_name, dashboard_status, member_count, phase_count, achievement_count) VALUES
(1, 1, '数字化转型项目看板', 1, 3, 3, 2),
(2, 2, '物流优化项目看板', 1, 3, 2, 2);
